{"cameraMode":{"drawMode":0,"name":"Shaded","section":"Shading Mode"},"sceneLighting":true,"audioPlay":false,"sceneViewState":{"m_AlwaysRefresh":false,"showFog":true,"showSkybox":true,"showFlares":true,"showImageEffects":true,"showParticleSystems":true,"showVisualEffectGraphs":true,"m_FxEnabled":true},"in2DMode":false,"pivot":{"x":341.59637451171877,"y":197.22378540039063,"z":-295.1271667480469},"rotation":{"x":-0.017998745664954187,"y":0.00329584744758904,"z":-0.000059337828133720905,"w":-0.9998321533203125},"size":27.28790855407715,"orthographic":false}